{
  "rows": [
    {
      "variant": "rgb",
      "mmd_n_seeds": 2,
      "mmd_mean": 1.1867153271596795,
      "mmd_std": 0.13718718108028827,
      "ks_n_seeds": 2,
      "ks_mean": 1.105955018871057,
      "ks_std": 0.25406192310268294,
      "l2_legacy_n_seeds": 2,
      "l2_legacy_mean": 1.3959540496910272,
      "l2_legacy_std": 0.11700278097978001,
      "mmd_real_synth_n_seeds": 2,
      "mmd_real_synth_mean": 0.2546912560572324,
      "mmd_real_synth_std": 0.013514983484713874,
      "mmd_synth_synth_n_seeds": 2,
      "mmd_synth_synth_mean": 0.2161912801810219,
      "mmd_synth_synth_std": 0.013603674316820455,
      "ks_real_synth_n_seeds": 2,
      "ks_real_synth_mean": 0.20392592592592595,
      "ks_real_synth_std": 0.03392592592592593,
      "ks_synth_synth_n_seeds": 2,
      "ks_synth_synth_mean": 0.18722222222222223,
      "ks_synth_synth_std": 0.012333333333333335
    }
  ],
  "raw": [
    {
      "variant": "rgb",
      "seed": 42,
      "gate_input": "rgb",
      "n_real_synth_pairs": 486,
      "n_synth_synth_pairs": 486,
      "l2_real_synth_mean": 0.041020043194293976,
      "l2_real_synth_std": 0.031238233670592308,
      "l2_synth_synth_mean": 0.027112500742077827,
      "l2_synth_synth_std": 0.016247479245066643,
      "l2_ratio_real_synth_over_synth_synth": 1.5129568306708072,
      "mmd_real_synth_mean": 0.24117627257251853,
      "mmd_synth_synth_mean": 0.22979495449784235,
      "mmd_ratio_real_synth_over_synth_synth": 1.0495281460793913,
      "mmd_real_synth_by_beta": "{\"beta_0.005\": 0.24232161050684461, \"beta_0.01\": 0.21164687935302104, \"beta_0.02\": 0.26956032785769}",
      "mmd_synth_synth_by_beta_pair": "{\"beta_0.005_vs_beta_0.01\": 0.1575568391970773, \"beta_0.005_vs_beta_0.02\": 0.3389614190718788, \"beta_0.01_vs_beta_0.02\": 0.1928666052245709}",
      "ks_real_synth_mean": 0.17,
      "ks_synth_synth_mean": 0.19955555555555557,
      "ks_ratio_real_synth_over_synth_synth": 0.8518930957683741,
      "ks_real_synth_by_beta": "{\"beta_0.005\": 0.16711111111111113, \"beta_0.01\": 0.12855555555555556, \"beta_0.02\": 0.21433333333333335}",
      "ks_synth_synth_by_beta_pair": "{\"beta_0.005_vs_beta_0.01\": 0.14, \"beta_0.005_vs_beta_0.02\": 0.2866666666666667, \"beta_0.01_vs_beta_0.02\": 0.17200000000000001}"
    },
    {
      "variant": "rgb",
      "seed": 123,
      "gate_input": "rgb",
      "n_real_synth_pairs": 486,
      "n_synth_synth_pairs": 486,
      "l2_real_synth_mean": 0.03316553682088852,
      "l2_real_synth_std": 0.026362452656030655,
      "l2_synth_synth_mean": 0.025931822136044502,
      "l2_synth_synth_std": 0.01826678402721882,
      "l2_ratio_real_synth_over_synth_synth": 1.2789512687112472,
      "mmd_real_synth_mean": 0.2682062395419463,
      "mmd_synth_synth_mean": 0.20258760586420144,
      "mmd_ratio_real_synth_over_synth_synth": 1.3239025082399678,
      "mmd_real_synth_by_beta": "{\"beta_0.005\": 0.2958416342706612, \"beta_0.01\": 0.27362963481137564, \"beta_0.02\": 0.235147449543802}",
      "mmd_synth_synth_by_beta_pair": "{\"beta_0.005_vs_beta_0.01\": 0.1283813683366912, \"beta_0.005_vs_beta_0.02\": 0.2943841676171451, \"beta_0.01_vs_beta_0.02\": 0.18499728163876808}",
      "ks_real_synth_mean": 0.23785185185185187,
      "ks_synth_synth_mean": 0.1748888888888889,
      "ks_ratio_real_synth_over_synth_synth": 1.36001694197374,
      "ks_real_synth_by_beta": "{\"beta_0.005\": 0.25955555555555554, \"beta_0.01\": 0.25733333333333336, \"beta_0.02\": 0.19666666666666668}",
      "ks_synth_synth_by_beta_pair": "{\"beta_0.005_vs_beta_0.01\": 0.12066666666666666, \"beta_0.005_vs_beta_0.02\": 0.24333333333333337, \"beta_0.01_vs_beta_0.02\": 0.16066666666666665}"
    }
  ]
}
