{
  "experiment_id": "E034",
  "rows": [
    {
      "variant": "rgb",
      "n_seeds": 5,
      "mmd_ratio_n": 5,
      "mmd_ratio_mean": 2.501378398038797,
      "mmd_ratio_std": 0.7731587664244705,
      "ks_ratio_n": 5,
      "ks_ratio_mean": 2.2171951770726626,
      "ks_ratio_std": 0.5380004507421813,
      "mmd_real_synth_n": 5,
      "mmd_real_synth_mean": 0.4613077893218933,
      "mmd_real_synth_std": 0.049842838068623364,
      "mmd_synth_synth_n": 5,
      "mmd_synth_synth_mean": 0.19709415483592857,
      "mmd_synth_synth_std": 0.04522401487843136,
      "ks_real_synth_n": 5,
      "ks_real_synth_mean": 0.3801333333333333,
      "ks_real_synth_std": 0.04423698246132925,
      "ks_synth_synth_n": 5,
      "ks_synth_synth_mean": 0.17759999999999998,
      "ks_synth_synth_std": 0.029469515531800192,
      "real_synth_domain_acc_n": 5,
      "real_synth_domain_acc_mean": 0.7426666666666668,
      "real_synth_domain_acc_std": 0.04586937976471884,
      "real_synth_domain_auc_n": 5,
      "real_synth_domain_auc_mean": 0.7721866666666666,
      "real_synth_domain_auc_std": 0.045602541839487636,
      "synth_pair_domain_acc_mean_n": 5,
      "synth_pair_domain_acc_mean_mean": 0.6231111111111112,
      "synth_pair_domain_acc_mean_std": 0.0471111111111111,
      "synth_pair_domain_auc_mean_n": 5,
      "synth_pair_domain_auc_mean_mean": 0.6590962962962963,
      "synth_pair_domain_auc_mean_std": 0.05259107353048769,
      "domain_auc_excess_ratio_n": 5,
      "domain_auc_excess_ratio_mean": 1.906974390306933,
      "domain_auc_excess_ratio_std": 0.7371071328896243
    },
    {
      "variant": "rgb_gray",
      "n_seeds": 5,
      "mmd_ratio_n": 5,
      "mmd_ratio_mean": 1.2773273585721754,
      "mmd_ratio_std": 0.1939357272993569,
      "ks_ratio_n": 5,
      "ks_ratio_mean": 1.1469835023624122,
      "ks_ratio_std": 0.22469911558152905,
      "mmd_real_synth_n": 5,
      "mmd_real_synth_mean": 0.37933357540443924,
      "mmd_real_synth_std": 0.02763318979509704,
      "mmd_synth_synth_n": 5,
      "mmd_synth_synth_mean": 0.3011799248160993,
      "mmd_synth_synth_std": 0.03194097728325757,
      "ks_real_synth_n": 5,
      "ks_real_synth_mean": 0.2820888888888889,
      "ks_real_synth_std": 0.03962356201386576,
      "ks_synth_synth_n": 5,
      "ks_synth_synth_mean": 0.24897777777777783,
      "ks_synth_synth_std": 0.022925149271832507,
      "real_synth_domain_acc_n": 5,
      "real_synth_domain_acc_mean": 0.6213333333333333,
      "real_synth_domain_acc_std": 0.05886330681238432,
      "real_synth_domain_auc_n": 5,
      "real_synth_domain_auc_mean": 0.6589066666666666,
      "real_synth_domain_auc_std": 0.0748171636741658,
      "synth_pair_domain_acc_mean_n": 5,
      "synth_pair_domain_acc_mean_mean": 0.6755555555555556,
      "synth_pair_domain_acc_mean_std": 0.02499382639822666,
      "synth_pair_domain_auc_mean_n": 5,
      "synth_pair_domain_auc_mean_mean": 0.7228444444444444,
      "synth_pair_domain_auc_mean_std": 0.032033514685406266,
      "domain_auc_excess_ratio_n": 5,
      "domain_auc_excess_ratio_mean": 0.7670378713716863,
      "domain_auc_excess_ratio_std": 0.4717894398535855
    },
    {
      "variant": "rgb_sobel_mag",
      "n_seeds": 5,
      "mmd_ratio_n": 5,
      "mmd_ratio_mean": 2.973361213224196,
      "mmd_ratio_std": 1.4147826867122315,
      "ks_ratio_n": 5,
      "ks_ratio_mean": 2.8321021013287297,
      "ks_ratio_std": 1.501453931538747,
      "mmd_real_synth_n": 5,
      "mmd_real_synth_mean": 0.36443099432245607,
      "mmd_real_synth_std": 0.05852611719789786,
      "mmd_synth_synth_n": 5,
      "mmd_synth_synth_mean": 0.14346883843128896,
      "mmd_synth_synth_std": 0.048392342688123605,
      "ks_real_synth_n": 5,
      "ks_real_synth_mean": 0.3030222222222222,
      "ks_real_synth_std": 0.05510064416732641,
      "ks_synth_synth_n": 5,
      "ks_synth_synth_mean": 0.1292888888888889,
      "ks_synth_synth_std": 0.04622038457885529,
      "real_synth_domain_acc_n": 5,
      "real_synth_domain_acc_mean": 0.656,
      "real_synth_domain_acc_std": 0.042237424163885776,
      "real_synth_domain_auc_n": 5,
      "real_synth_domain_auc_mean": 0.7040622222222223,
      "real_synth_domain_auc_std": 0.04858095831816321,
      "synth_pair_domain_acc_mean_n": 5,
      "synth_pair_domain_acc_mean_mean": 0.5766666666666667,
      "synth_pair_domain_acc_mean_std": 0.043021671254506906,
      "synth_pair_domain_auc_mean_n": 5,
      "synth_pair_domain_auc_mean_mean": 0.6108711111111111,
      "synth_pair_domain_auc_mean_std": 0.060979302720017045,
      "domain_auc_excess_ratio_n": 5,
      "domain_auc_excess_ratio_mean": 23.43061993421059,
      "domain_auc_excess_ratio_std": 43.86167705971008
    },
    {
      "variant": "rgb_equalized_gray",
      "n_seeds": 5,
      "mmd_ratio_n": 5,
      "mmd_ratio_mean": 1.2606988853823933,
      "mmd_ratio_std": 0.13082744337898838,
      "ks_ratio_n": 5,
      "ks_ratio_mean": 1.2290749402680126,
      "ks_ratio_std": 0.15774612459995352,
      "mmd_real_synth_n": 5,
      "mmd_real_synth_mean": 0.3443748113904889,
      "mmd_real_synth_std": 0.0647182853486718,
      "mmd_synth_synth_n": 5,
      "mmd_synth_synth_mean": 0.280717752278851,
      "mmd_synth_synth_std": 0.08244201296053738,
      "ks_real_synth_n": 5,
      "ks_real_synth_mean": 0.28395555555555557,
      "ks_real_synth_std": 0.04824124560765175,
      "ks_synth_synth_n": 5,
      "ks_synth_synth_mean": 0.23840000000000003,
      "ks_synth_synth_std": 0.06999928041958188,
      "real_synth_domain_acc_n": 5,
      "real_synth_domain_acc_mean": 0.696,
      "real_synth_domain_acc_std": 0.04767482447674966,
      "real_synth_domain_auc_n": 5,
      "real_synth_domain_auc_mean": 0.7404177777777777,
      "real_synth_domain_auc_std": 0.04207739934694717,
      "synth_pair_domain_acc_mean_n": 5,
      "synth_pair_domain_acc_mean_mean": 0.6617777777777778,
      "synth_pair_domain_acc_mean_std": 0.04550186538029428,
      "synth_pair_domain_auc_mean_n": 5,
      "synth_pair_domain_auc_mean_mean": 0.7144177777777777,
      "synth_pair_domain_auc_mean_std": 0.04961764047558975,
      "domain_auc_excess_ratio_n": 5,
      "domain_auc_excess_ratio_mean": 1.1431396803509093,
      "domain_auc_excess_ratio_std": 0.15156444228940893
    },
    {
      "variant": "raw_dark_channel",
      "n_seeds": 5,
      "mmd_ratio_n": 5,
      "mmd_ratio_mean": 1.5308079555631902,
      "mmd_ratio_std": 0.5202532829132622,
      "ks_ratio_n": 5,
      "ks_ratio_mean": 1.3480602544044973,
      "ks_ratio_std": 0.40390497318702656,
      "mmd_real_synth_n": 5,
      "mmd_real_synth_mean": 0.3552864332081098,
      "mmd_real_synth_std": 0.04394313821299866,
      "mmd_synth_synth_n": 5,
      "mmd_synth_synth_mean": 0.2641874069331369,
      "mmd_synth_synth_std": 0.09693662413343297,
      "ks_real_synth_n": 5,
      "ks_real_synth_mean": 0.2901333333333333,
      "ks_real_synth_std": 0.0493694762498569,
      "ks_synth_synth_n": 5,
      "ks_synth_synth_mean": 0.23835555555555557,
      "ks_synth_synth_std": 0.08375880716544247,
      "real_synth_domain_acc_n": 5,
      "real_synth_domain_acc_mean": 0.6359999999999999,
      "real_synth_domain_acc_std": 0.04160128203152721,
      "real_synth_domain_auc_n": 5,
      "real_synth_domain_auc_mean": 0.6888533333333333,
      "real_synth_domain_auc_std": 0.051618263778972225,
      "synth_pair_domain_acc_mean_n": 5,
      "synth_pair_domain_acc_mean_mean": 0.6702222222222222,
      "synth_pair_domain_acc_mean_std": 0.07223897241657351,
      "synth_pair_domain_auc_mean_n": 5,
      "synth_pair_domain_auc_mean_mean": 0.7127940740740741,
      "synth_pair_domain_auc_mean_std": 0.09131621531933372,
      "domain_auc_excess_ratio_n": 5,
      "domain_auc_excess_ratio_mean": 1.5659095161786136,
      "domain_auc_excess_ratio_std": 1.6856982689196458
    },
    {
      "variant": "raw_transmission",
      "n_seeds": 5,
      "mmd_ratio_n": 5,
      "mmd_ratio_mean": 1.295948397893166,