{
  "rgb": {
    "di_point": 3.0155339227808535,
    "inter_mmd": 0.3284915444846784,
    "intra_mmd": 0.1089331285591214,
    "boot_mean": 2.918862441358067,
    "boot_std": 0.20162131645240308,
    "ci95_lo": 2.56053677844637,
    "ci95_hi": 3.344044520473191,
    "n_boot": 1000,
    "max_images": 500,
    "n_real": 500,
    "n_synth_each": {
      "beta_0.005": 500,
      "beta_0.01": 500,
      "beta_0.02": 500
    }
  },
  "raw_dark_channel": {
    "di_point": 1.9918261284998837,
    "inter_mmd": 0.35932015699204894,
    "intra_mmd": 0.18039735087854578,
    "boot_mean": 1.9524977954726157,
    "boot_std": 0.11261426811220208,
    "ci95_lo": 1.7427098214682994,
    "ci95_hi": 2.179730852859878,
    "n_boot": 1000,
    "max_images": 500,
    "n_real": 500,
    "n_synth_each": {
      "beta_0.005": 500,
      "beta_0.01": 500,
      "beta_0.02": 500
    }
  },
  "raw_transmission": {
    "di_point": 2.1332201873315015,
    "inter_mmd": 0.4027322361954993,
    "intra_mmd": 0.18879074864713666,
    "boot_mean": 2.0958507825001806,
    "boot_std": 0.11980520798616,
    "ci95_lo": 1.8725288996209568,
    "ci95_hi": 2.3493330505452206,
    "n_boot": 1000,
    "max_images": 500,
    "n_real": 500,
    "n_synth_each": {
      "beta_0.005": 500,
      "beta_0.01": 500,
      "beta_0.02": 500
    }
  },
  "tsp_grad_mag": {
    "di_point": 1.577829613641312,
    "inter_mmd": 0.29678954822575704,
    "intra_mmd": 0.18809987191254873,
    "boot_mean": 1.5930755791206401,
    "boot_std": 0.15470966766988772,
    "ci95_lo": 1.3088734111498792,
    "ci95_hi": 1.9199226549444233,
    "n_boot": 1000,
    "max_images": 500,
    "n_real": 500,
    "n_synth_each": {
      "beta_0.005": 500,
      "beta_0.01": 500,
      "beta_0.02": 500
    }
  }
}