{
  "config": {
    "max_images": 600,
    "beta_tol": 0.05,
    "cov_tol": 1.0,
    "covariates_used": [
      "brightness",
      "contrast",
      "hf_energy",
      "obj_count",
      "bbox_scale",
      "cls_person",
      "cls_two_wheel",
      "cls_car",
      "cls_large"
    ],
    "run_suffix": "",
    "n_real": 600,
    "n_synth": 1500
  },
  "n_pairs_beta_only": 486,
  "n_pairs_nn": 486,
  "n_pairs_caliper": 108,
  "covariate_balance": {
    "beta_only_meanSMD": 0.47248421511118655,
    "nn_meanSMD": 0.2919209115346085,
    "caliper_meanSMD": 0.14449660438127532,
    "per_covariate_beta_only": {
      "brightness": 0.39274980100524737,
      "contrast": 0.11283969503183891,
      "hf_energy": 0.1320225257938955,
      "obj_count": 0.7238715513032136,
      "bbox_scale": 1.258577473318287,
      "cls_person": 0.041663368375287474,
      "cls_two_wheel": 1.092911109242498,
      "cls_car": 0.41867494755204604,
      "cls_large": 0.07904746437836487
    },
    "per_covariate_nn": {
      "brightness": 0.3360001134263816,
      "contrast": 0.22299414854361785,
      "hf_energy": 0.0782815486749387,
      "obj_count": 0.3103875847556373,
      "bbox_scale": 1.0441613309855378,
      "cls_person": 0.07302051480072,
      "cls_two_wheel": 0.4490438218086791,
      "cls_car": 0.07635996206727194,
      "cls_large": 0.037039178748692114
    },
    "per_covariate_caliper": {
      "brightness": 0.2273697504557089,
      "contrast": 0.007689797261416831,
      "hf_energy": 0.16028171660549845,
      "obj_count": 0.15393843308659316,
      "bbox_scale": 0.33138490977423496,
      "cls_person": 0.09554888311254361,
      "cls_two_wheel": 0.1528350951576557,
      "cls_car": 0.1349421259253759,
      "cls_large": 0.036478728052450574
    }
  },
  "beta_only": {
    "rgb": {
      "mmd_num": {
        "mean": 0.46959179163944775,
        "std": 0.06348931313716988,
        "n": 5
      },
      "ks_num": {
        "mean": 0.4085048010973937,
        "std": 0.05408840204397391,
        "n": 5
      },
      "mmd_den": {
        "mean": 0.19709355330405715,
        "std": 0.0452230019033587,
        "n": 5
      },
      "ks_den": {
        "mean": 0.17759999999999998,
        "std": 0.029469515531800192,
        "n": 5
      },
      "mmd_ratio": {
        "mean": 2.4652628502366003,
        "std": 0.4089408396645531,
        "n": 5
      },
      "ks_ratio": {
        "mean": 2.3312631681793516,
        "std": 0.26764346588901317,
        "n": 5
      }
    },
    "raw_dark_channel": {
      "mmd_num": {
        "mean": 0.2955404813021957,
        "std": 0.06892967875645327,
        "n": 5
      },
      "ks_num": {
        "mean": 0.29629629629629634,
        "std": 0.06356511451613339,
        "n": 5
      },
      "mmd_den": {
        "mean": 0.26418623514587847,
        "std": 0.09693301496023427,
        "n": 5
      },
      "ks_den": {
        "mean": 0.23835555555555557,
        "std": 0.08375880716544247,
        "n": 5
      },
      "mmd_ratio": {
        "mean": 1.213160628137276,
        "std": 0.30355675981993185,
        "n": 5
      },
      "ks_ratio": {
        "mean": 1.3344476712120563,
        "std": 0.30821002973733047,
        "n": 5
      }
    },
    "raw_transmission": {
      "mmd_num": {
        "mean": 0.266371312894055,
        "std": 0.20045371364753609,
        "n": 5
      },
      "ks_num": {
        "mean": 0.30205761316872426,
        "std": 0.1702605514288168,
        "n": 5
      },
      "mmd_den": {
        "mean": 0.42062605764109195,
        "std": 0.08251904008513715,
        "n": 5
      },
      "ks_den": {
        "mean": 0.3452,
        "std": 0.07040771562657808,
        "n": 5
      },
      "mmd_ratio": {
        "mean": 0.7987606276867809,
        "std": 0.8754089564377695,
        "n": 5
      },
      "ks_ratio": {
        "mean": 1.0634585796673939,
        "std": 0.9644594731170801,
        "n": 5
      }
    },
    "tsp_grad_mag": {
      "mmd_num": {
        "mean": 0.1894069485199033,
        "std": 0.016142289865453605,
        "n": 5
      },
      "ks_num": {
        "mean": 0.19835390946502057,
        "std": 0.013238555134644493,
        "n": 5
      },
      "mmd_den": {
        "mean": 0.20224242541385432,
        "std": 0.04269647569141294,
        "n": 5
      },
      "ks_den": {
        "mean": 0.16546666666666665,
        "std": 0.028547244791488798,
        "n": 5
      },
      "mmd_ratio": {
        "mean": 0.9853336769556913,
        "std": 0.24114229792717554,
        "n": 5
      },
      "ks_ratio": {
        "mean": 1.2427175871577298,
        "std": 0.26272048504555734,
        "n": 5
      }
    }
  },
  "multicovar_nn": {
    "rgb": {
      "mmd_num": {
        "mean": 0.48844238314042804,
        "std": 0.06952353477067318,
        "n": 5
      },
      "ks_num": {
        "mean": 0.42139917695473256,
        "std": 0.05799825578950009,
        "n": 5
      },
      "mmd_den": {
        "mean": 0.19709355330405715,
        "std": 0.0452230019033587,
        "n": 5
      },
      "ks_den": {
        "mean": 0.17759999999999998,
        "std": 0.029469515531800192,
        "n": 5
      },
      "mmd_ratio": {
        "mean": 2.5662906453492718,
        "std": 0.46071409952202247,
        "n": 5
      },
      "ks_ratio": {
        "mean": 2.4108904423346664,
        "std": 0.34672998067550337,
        "n": 5
      }
    },
    "raw_dark_channel": {
      "mmd_num": {
        "mean": 0.2841345547522602,
        "std": 0.03713636031794172,
        "n": 5
      },
      "ks_num": {
        "mean": 0.28834019204389577,
        "std": 0.03707918142765962,
        "n": 5
      },
      "mmd_den": {
        "mean": 0.26418623514587847,
        "std": 0.09693301496023427,
        "n": 5
      },
      "ks_den": {
        "mean": 0.23835555555555557,
        "std": 0.08375880716544247,
        "n": 5
      },
      "mmd_ratio": {
        "mean": 1.2097099480171631,
        "std": 0.3682707428402475,
        "n": 5
      },
      "ks_ratio": {
        "mean": 1.3549037852614279,
        "std": 0.42510925852438075,
        "n": 5
      }
    },
    "raw_transmission": {
      "mmd_num": {
        "mean": 0.29036162530613296,
        "std": 0.18762213743906142,
        "n": 5
      },
      "ks_num": {
        "mean": 0.32222222222222224,
        "std": 0.1683745133958705,
        "n": 5
      },
      "mmd_den": {
        "mean": 0.42062605764109195,
        "std": 0.08251904008513715,
        "n": 5
      },
      "ks_den": {
        "mean": 0.3452,
        "std": 0.07040771562657808,
        "n": 5
      },
      "mmd_ratio": {
        "mean": 0.8459454999282972,
        "std": 0.8359702773360195,
        "n": 5
      },
      "ks_ratio": {
        "mean": 1.1179796412589382,
        "std": 0.9597690632637572,
        "n": 5
      }
    },
    "tsp_grad_mag": {
      "mmd_num": {
        "mean": 0.19125221545689647,
        "std": 0.021651480387929727,
        "n": 5
      },
      "ks_num": {
        "mean": 0.2074074074074074,
        "std": 0.022155227639210483,
        "n": 5
      },
      "mmd_den": {
        "mean": 0.20224242541385432,
        "std": 0.04269647569141294,
        "n": 5
      },
      "ks_den": {
        "mean": 0.16546666666666665,
        "std": 0.028547244791488798,
        "n": 5
      },
      "mmd_ratio": {
        "mean": 0.9989737450462914,
        "std": 0.2636821946421381,
        "n": 5
      },
      "ks_ratio": {
        "mean": 1.3077059897565033,
        "std": 0.3242917275134066,
        "n": 5
      }
    }
  },
  "multicovar_caliper": {
    "rgb": {
      "mmd_num": {
        "mean": 0.5469202299912381,
        "std": 0.061281721972543696,
        "n": 5
      },
      "ks_num": {
        "mean": 0.4734567901234568,
        "std": 0.07609386225301225,
        "n": 5
      },
      "mmd_den": {
        "mean": 0.19709355330405715,
        "std": 0.0452230019033587,
        "n": 5
      },
      "ks_den": {
        "mean": 0.17759999999999998,